{
  "name": "KPI Overview Runtime Widget",
  "contextPath": "kpi-overview-runtime-widget",
  "key": "kpi-overview-runtime-widget-application-key",
  "contentSecurityPolicy": "default-src 'self'",
  "icon": {
    "class": "fa fa-snowflake-o"
  },
  "manifest": {
    
    "noAppSwitcher": true,
    "requiredPlatformVersion": ">=1011.0.0",
    "version": "2.0.0",
    "license": "Apache 2.0",
    "author": "Meer Arfath - Software AG, Global Presales",
    "description": "The KPI Overview Widget help you to display the Device data as KPIs with customised icon and text."

  }
}
